{"cameraMode":{"drawMode":0,"name":"Shaded","section":"Shading Mode"},"sceneLighting":false,"audioPlay":false,"sceneViewState":{"showFog":true,"showMaterialUpdate":false,"showSkybox":true,"showFlares":true,"showImageEffects":true,"showParticleSystems":true},"in2DMode":false,"pivot":{"x":-6.006829261779785,"y":15.548736572265625,"z":5.650479316711426},"rotation":{"x":-0.19303764402866364,"y":0.5707454085350037,"z":-0.1401958465576172,"w":-0.7857043743133545},"size":46.78651809692383,"orthographic":false}