{"cameraMode":{"drawMode":0,"name":"Shaded","section":"Shading Mode"},"sceneLighting":true,"audioPlay":false,"sceneViewState":{"showFog":true,"showMaterialUpdate":false,"showSkybox":true,"showFlares":true,"showImageEffects":true,"showParticleSystems":true},"in2DMode":false,"pivot":{"x":-4.300000190734863,"y":1.429999828338623,"z":-22.90999984741211},"rotation":{"x":-0.1502714455127716,"y":-0.7805341482162476,"z":0.20548036694526673,"w":-0.5709315538406372},"size":74.78949737548828,"orthographic":false}