{"cameraMode":{"drawMode":0,"name":"Shaded","section":"Shading Mode"},"sceneLighting":false,"audioPlay":false,"sceneViewState":{"showFog":true,"showMaterialUpdate":false,"showSkybox":true,"showFlares":true,"showImageEffects":true,"showParticleSystems":true},"in2DMode":false,"pivot":{"x":-4.289999961853027,"y":-3.630000114440918,"z":0.0},"rotation":{"x":-0.057253964245319369,"y":0.029045000672340394,"z":-0.0016662877751514316,"w":-0.9979357123374939},"size":2.8578836917877199,"orthographic":false}