{"cameraMode":{"drawMode":0,"name":"Shaded","section":"Shading Mode"},"sceneLighting":true,"audioPlay":false,"sceneViewState":{"showFog":true,"showMaterialUpdate":false,"showSkybox":true,"showFlares":true,"showImageEffects":true,"showParticleSystems":true},"in2DMode":false,"pivot":{"x":0.5764932632446289,"y":1.7746244668960572,"z":16.116178512573243},"rotation":{"x":-0.5453730821609497,"y":0.2818566560745239,"z":-0.20136350393295289,"w":-0.7632678151130676},"size":63.259376525878909,"orthographic":false}